,Taxi_dist,Market_dist,Hospital_dist,Carpet_area,Builtup_area,Parking_type,City_type,Rainfall,Price_house,pred,diff
1,9796,5250,10703,1659,1961,Open,CAT B,530,6649000,5528284.717,-1120715.283
2,8294,8186,12694,1461,1752,Not Provided,CAT B,210,3982000,5323341.787,1341341.787
3,11001,14399,16991,1340,1609,Not Provided,CAT A,720,5401000,7387962.874,1986962.874
4,8301,11188,12289,1451,1748,Covered,CAT B,620,5373000,5743024.497,370024.4966
5,10510,12629,13921,1770,2111,Not Provided,CAT B,450,4662000,5655769.805,993769.8049
6,6665,5142,9972,1442,1733,Open,CAT B,760,4526000,5321050.458,795050.4581
7,13153,11869,17811,1542,1858,No Parking,CAT A,1030,7224000,7457415.487,233415.4868
8,5882,9948,13315,1261,1507,Open,CAT C,1020,3772000,4430741.321,658741.321
9,7495,11589,13370,1090,1321,Not Provided,CAT B,680,4631000,5097450.782,466450.7817
10,8233,7067,11400,1030,1235,Open,CAT C,1130,4415000,4099458.381,-315541.6187
11,4278,10646,8243,1187,1439,Covered,CAT A,1090,7128000,7027245.826,-100754.1737
12,8066,11149,12936,1751,2098,No Parking,CAT B,720,5762000,5409310.249,-352689.7515
13,7693,9130,14684,1746,2064,Open,CAT B,1050,6047000,5916141.427,-130858.5728
14,5236,10853,13054,1615,1931,Covered,CAT B,1160,5913000,5923725.638,10725.63761
15,6027,6707,10176,1469,1756,Open,CAT B,770,6636000,5352454.021,-1283545.979
16,9648,14789,12812,1644,1950,Covered,CAT A,790,7887000,7727905.094,-159094.9061
17,11079,13102,13076,1578,1907,Open,CAT A,1440,7725000,7495735.108,-229264.892
18,6698,11519,13441,1703,2045,Covered,CAT B,670,3817000,6029075.584,2212075.584
19,9609,9066,13304,1438,1731,Open,CAT A,1030,6354000,7399619.559,1045619.559
21,8155,8085,9837,1940,2340,Covered,CAT C,980,4019000,4917785.912,898785.9116
22,9669,12385,13589,1421,1700,No Parking,CAT C,370,4346000,4190308.142,-155691.8576
23,11613,11675,15476,1458,1746,Open,CAT A,690,6889000,7584432.143,695432.1426
24,10664,14161,15076,1719,2065,Covered,CAT B,950,5278000,6173860.645,895860.6454
25,7309,7468,11460,1449,1752,Not Provided,CAT B,620,5068000,5223886.166,155886.1664
26,7103,9832,10943,1234,1488,No Parking,CAT B,840,4188000,4851865.155,663865.1547
27,6615,8178,12804,1732,2073,Not Provided,CAT C,820,7005000,4528299.643,-2476700.357
28,10870,12040,15221,1475,1777,Open,CAT C,1100,2582000,4759997.856,2177997.856
30,11735,10687,16954,1390,1648,No Parking,CAT B,980,6053000,5440411.626,-612588.3745
31,13441,13852,17989,1642,1943,No Parking,CAT B,710,7810000,5715731.926,-2094268.074
32,8876,13372,15845,1715,2071,Open,CAT B,650,8486000,6014267.169,-2471732.831
33,4066,9318,10159,1439,1746,Open,CAT A,990,8014000,7155902.535,-858097.4652
34,8248,8464,11292,1250,1508,Open,CAT C,990,1492000,4268345.876,2776345.876
35,9904,11866,14566,1331,1608,Open,CAT B,880,6046000,5609994.104,-436005.8956
36,6526,7876,11215,1784,2163,Covered,CAT B,620,7456000,5926429.929,-1529570.071
37,6166,9680,12079,1375,1648,Not Provided,CAT A,1020,7243000,7017444.966,-225555.034
38,5064,10573,9796,1871,2230,Covered,CAT B,700,4546000,5855648.844,1309648.844
39,6712,10341,15629,1442,1744,Not Provided,CAT C,610,4157000,4541962.723,384962.7233
40,8317,13286,12785,1174,1411,Covered,CAT A,1080,6287000,7375098.884,1088098.884
41,7796,17101,16192,1839,2204,No Parking,CAT B,1010,5517000,5740686.326,223686.3258
42,9171,8368,12566,1270,1516,Not Provided,CAT B,0,4548000,5159502.836,611502.8356
44,9357,11584,14219,1435,1725,Open,CAT C,1250,4955000,4645413.513,-309586.4871
45,8101,11176,13502,965,1152,Not Provided,CAT C,600,4814000,3985427.103,-828572.897
46,8794,12199,14275,1665,2001,No Parking,CAT A,730,6764000,7265451.897,501451.8974
47,6017,14147,12642,1780,2117,Open,CAT C,780,3973000,4773317.14,800317.14
48,11265,12999,14621,1009,1194,Not Provided,CAT C,520,3580000,4102935.996,522935.9963
49,6407,10134,13433,1227,1471,No Parking,CAT A,870,4927000,6852814.521,1925814.521
51,7193,10163,10715,1769,2087,No Parking,CAT B,690,6651000,5223150.534,-1427849.466
52,9723,11620,13693,1660,1982,Open,CAT B,910,6253000,5782928.051,-470071.9495
53,11363,14001,17453,1472,1776,Open,CAT B,1260,5998000,5951962.432,-46037.56829
54,13157,11247,16385,1408,1688,Not Provided,CAT A,1040,7635000,7390512.677,-244487.323
55,11657,12184,16450,1514,1820,Covered,CAT B,910,8182000,6125222.399,-2056777.601
56,10269,7505,13552,1565,1880,Covered,CAT B,1300,5783000,5930686.005,147686.0046
57,9480,15910,16887,1074,1288,Not Provided,CAT B,320,7045000,5359440.211,-1685559.789
58,10451,11465,16488,1864,2240,No Parking,CAT B,530,6700000,5787961.488,-912038.5117
59,7331,11247,10787,1570,1898,No Parking,CAT B,980,6409000,5106005.233,-1302994.767
60,8458,13941,15721,1417,1701,Open,CAT B,740,4867000,5763580.963,896580.9626
61,9620,15033,14775,1734,2060,Not Provided,CAT B,1240,6621000,5691422.393,-929577.6069
62,10566,10728,16951,1470,1763,Covered,CAT B,1080,8366000,6128521.437,-2237478.563
63,5568,11538,14767,1761,2104,Not Provided,CAT A,1080,7077000,7530724.335,453724.3354
64,8210,9740,12485,1756,2070,Open,CAT C,460,5387000,4730089.122,-656910.8775
65,4533,6617,10052,1704,2045,No Parking,CAT A,300,7130000,6953717.319,-176282.6809
67,6239,7326,9085,2011,2391,Not Provided,CAT C,530,4610000,4435427.909,-174572.0913
68,10504,9938,13747,1472,1748,Open,CAT B,600,4910000,5635058.633,725058.6333
69,12715,10229,15329,1310,1561,Not Provided,CAT B,860,6592000,5411463.321,-1180536.679
70,9472,9686,13464,1544,1821,Covered,CAT B,590,5866000,5885212.884,19212.88354
71,4195,9050,7517,1707,2052,Open,CAT B,920,6913000,5330702.748,-1582297.252
72,5858,8114,11026,1881,2262,No Parking,CAT C,570,4908000,4349332.336,-558667.6641
73,9849,8773,15371,1416,1681,Not Provided,CAT A,290,7271000,7304234.566,33234.56624
74,7983,6338,11916,1631,1941,Open,CAT B,650,3343000,5613037.425,2270037.425
75,5174,9293,10704,1318,1576,Covered,CAT C,710,4243000,4490665.709,247665.7086
76,7629,8786,12052,1692,2019,Open,CAT B,850,5665000,5674739.035,9739.03456
77,8841,11909,11625,1152,1380,Not Provided,CAT B,530,3358000,4995191.202,1637191.202
78,9327,9867,14244,891,1073,Not Provided,CAT A,630,6737000,6817886.758,80886.75789
79,6637,10365,9537,1468,1749,Not Provided,CAT A,700,7178000,6878272.1,-299727.9002
80,4589,12404,12558,1539,1833,Not Provided,CAT A,650,8484000,7176396.654,-1307603.346
81,9604,13622,15501,1635,1956,Covered,CAT A,720,8207000,7948531.198,-258468.8022
82,8868,12356,13209,1267,1520,Not Provided,CAT B,450,2677000,5213928.224,2536928.224
83,11676,14735,15825,1250,1475,Open,CAT B,1390,6556000,5624945.509,-931054.4907
85,5909,10455,13125,1720,2044,Open,CAT B,960,3866000,5777481.671,1911481.671
86,9674,12676,14459,1462,1761,Not Provided,CAT A,600,6566000,7282772.474,716772.4737
87,4997,9411,11468,1431,1711,No Parking,CAT C,620,4070000,4026519.473,-43480.52653
88,9371,12701,16615,1539,1858,Not Provided,CAT A,1020,8891000,7519638.134,-1371361.866
89,14306,12591,18029,1441,1723,Open,CAT B,330,5786000,5963908.257,177908.2572
90,6591,14567,13985,1572,1884,No Parking,CAT C,1410,4267000,4341919.832,74919.83219
91,7566,9599,16454,1287,1525,Not Provided,CAT A,1200,9018000,7290039.1,-1727960.9
92,8463,8825,7307,1468,1760,Not Provided,CAT C,280,5128000,3881650.069,-1246349.931
93,1200,7579,7376,1931,2342,Covered,CAT A,940,9726000,7544788.267,-2181211.733
94,6871,10557,12097,1252,1506,Open,CAT B,850,3965000,5344649.258,1379649.258
95,6956,9048,11991,1238,1468,Open,CAT C,960,4572000,4298661.781,-273338.2192
97,2222,10106,8858,1479,1758,Covered,CAT C,420,4206000,4460279.842,254279.8421
98,6194,8473,11978,1590,1912,Open,CAT B,830,6535000,5599169.314,-935830.686
99,7025,10344,11682,2169,2617,Open,CAT B,600,6708000,6033929.244,-674070.7563
100,9233,12290,14032,1838,2205,Covered,CAT B,400,5403000,6180791.046,777791.0457
101,7185,13170,13904,1385,1655,Open,CAT A,760,5636000,7398537.739,1762537.739
102,7021,12206,14664,1921,2305,Covered,CAT A,1470,7712000,8108103.612,396103.6122
103,7970,9719,9695,1975,2385,Not Provided,CAT B,500,5081000,5493412.968,412412.9675
104,10381,15076,16590,1853,2235,Not Provided,CAT B,1120,6096000,5951545.31,-144454.69
105,5725,16967,11221,1816,2171,Open,CAT A,1160,6118000,7517966.491,1399966.491
106,13866,13472,15427,1785,2147,Open,CAT C,820,6366000,5017292.945,-1348707.055
107,6353,15169,13058,1579,1899,No Parking,CAT B,1140,4119000,5289689.557,1170689.557
108,7944,7275,10843,1096,1321,Open,CAT A,900,7842000,6934559.416,-907440.5837
109,6445,9455,10950,1919,2294,Not Provided,CAT A,760,6558000,7346687.66,788687.6599
110,4446,9575,9133,1262,1500,Not Provided,CAT A,1170,8908000,6683731.861,-2224268.139
111,5320,9845,9590,1374,1655,Covered,CAT A,1080,9417000,7276321.063,-2140678.937
112,10103,11932,16948,1309,1587,Not Provided,CAT B,1000,5095000,5558861.963,463861.9627
113,11517,11278,14656,1207,1434,Not Provided,CAT A,690,6518000,7085929.971,567929.9713
114,7388,15701,14982,1692,2031,Open,CAT A,810,6931000,7730015.768,799015.7682
115,11475,14768,15998,1929,2311,Open,CAT B,630,7921000,6182723.102,-1738276.898
116,10148,10679,11618,1573,1878,Not Provided,CAT C,650,2374000,4305861.296,1931861.296
117,6255,11047,10332,1415,1700,Covered,CAT B,920,3633000,5554072.931,1921072.931
118,7018,7981,13748,1162,1382,Open,CAT C,1260,5170000,4384324.482,-785675.5175
119,9588,10711,13963,1485,1787,Open,CAT B,800,6295000,5677837.665,-617162.3352
120,8276,11728,11932,1897,2248,Not Provided,CAT A,1330,5601000,7395909.151,1794909.151
121,7739,12930,12703,1607,1927,No Parking,CAT B,940,4508000,5279292.483,771292.4835
122,10106,13805,16769,1909,2287,Not Provided,CAT B,1210,4683000,5999799.041,1316799.041
123,8510,10891,13380,1274,1503,Open,CAT A,660,6475000,7257426.375,782426.3749
124,5553,13174,11586,1157,1379,Not Provided,CAT A,770,8078000,6802721.278,-1275278.722
125,7522,11974,11433,1712,2046,Not Provided,CAT C,460,3118000,4400238.321,1282238.321
126,8702,13088,14238,1500,1798,No Parking,CAT C,860,5671000,4306365.959,-1364634.041
127,6777,9885,11064,1682,2017,Open,CAT B,780,4939000,5593809.022,654809.0216
128,7944,14333,12801,1441,1727,Not Provided,CAT A,890,6600000,7127026.425,527026.4255
129,1637,7315,7685,1525,1835,Covered,CAT C,900,3277000,4415830.601,1138830.601
130,5237,9949,9116,1408,1669,Not Provided,CAT B,530,4658000,4980975.71,322975.71
131,6567,14955,13427,1947,2333,Open,CAT A,790,7978000,7801145.738,-176854.2623
132,7293,6919,11618,1164,1390,Not Provided,CAT C,370,3551000,3988407.686,437407.6864
133,4415,9440,10672,1787,2137,Covered,CAT A,610,8097000,7677076.564,-419923.4356
134,6873,7786,9520,1871,2241,Open,CAT B,500,6115000,5615085.013,-499914.9875
135,6139,9882,10482,1718,2051,Open,CAT B,750,4921000,5569019.745,648019.7452
136,10772,9004,13291,1365,1636,Not Provided,CAT A,980,7995000,7107321.236,-887678.7643
137,4233,10090,11422,1368,1654,No Parking,CAT A,530,6874000,6809780.813,-64219.18654
138,7238,13882,13825,1342,1595,Open,CAT B,910,5748000,5541815.618,-206184.3818
139,7066,15366,15721,1076,1270,Open,CAT A,620,7263000,7294530.82,31530.82001
140,8353,12447,12931,1396,1672,No Parking,CAT B,1170,5007000,5131785.879,124785.8788
141,11621,14446,14609,1713,2071,Open,CAT B,900,4049000,5914650.356,1865650.356
142,10831,15438,16525,1370,1638,Open,CAT B,980,5185000,5787397.508,602397.5082
143,7650,5591,10198,1667,1993,No Parking,CAT C,740,4284000,4107608.945,-176391.0546
144,8464,14185,15235,1638,1972,Not Provided,CAT B,810,6094000,5671250.879,-422749.1214
145,6502,9917,10173,1581,1905,Open,CAT B,810,6228000,5449139.667,-778860.3332
146,4945,10098,9241,1795,2187,Open,CAT A,300,7653000,7368794.475,-284205.5255
147,5123,8950,8719,1179,1412,Covered,CAT A,790,8513000,7048045.551,-1464954.449
148,7540,7861,10544,1978,2374,Open,CAT B,800,4859000,5784134.566,925134.5658
149,3529,13267,9687,1688,2042,No Parking,CAT A,760,7308000,6922348.174,-385651.8263
150,7597,10595,9399,1214,1456,Not Provided,CAT B,530,4895000,4865223.719,-29776.28052
151,4198,8105,7609,1504,1805,Open,CAT C,540,4856000,4164714.688,-691285.3118
152,9257,12705,15491,1498,1770,Not Provided,CAT B,620,5938000,5560478.509,-377521.4908
153,7611,8008,11018,1462,1762,Open,CAT C,1010,5119000,4411494.539,-707505.4613
154,9334,12267,14658,1442,1750,Not Provided,CAT B,130,5892000,5480331.542,-411668.4585
155,3761,8492,8590,1250,1486,Open,CAT B,730,5036000,5048988.246,12988.24639
156,7738,9475,14329,1229,1480,Open,CAT C,830,3807000,4494901.762,687901.7622
157,5964,10763,12082,1936,2300,Covered,CAT C,1060,4917000,5072703.429,155703.4292
158,7032,11598,12267,1369,1629,Open,CAT C,770,3974000,4425639.982,451639.9823
160,10868,12273,14157,1662,1986,Open,CAT B,70,6373000,5822926.732,-550073.2678
162,10100,11816,14994,1548,1855,Open,CAT A,670,8533000,7616491.456,-916508.5442
163,10967,12140,14999,1649,1963,Not Provided,CAT C,490,2741000,4633650.976,1892650.976
164,11678,14658,14417,1393,1663,Open,CAT C,670,3732000,4621039.325,889039.3251
165,3644,10324,10264,1450,1734,Not Provided,CAT A,380,7112000,6927107.689,-184892.3111
166,5595,13050,12267,1613,1921,Covered,CAT A,1200,7280000,7665115.134,385115.1336
167,10043,12339,14476,1408,1696,No Parking,CAT C,350,3441000,4259194.828,818194.8284
168,3050,11554,8995,775,932,Open,CAT C,1090,4253000,3708517.229,-544482.7713
169,9487,10781,15148,1275,1534,Covered,CAT A,1230,5430000,7645561.455,2215561.455
170,9674,12730,15159,1740,2078,Open,CAT B,680,5078000,5963531.863,885531.8633
171,6373,8175,9701,1372,1657,Open,CAT B,580,4502000,5249769.411,747769.411
172,6326,11417,9620,1414,1723,Covered,CAT A,680,6960000,7322974.286,362974.286
173,3328,6678,9320,2044,2474,Open,CAT B,340,8034000,5750536.875,-2283463.125
174,8509,10793,11170,1823,2176,Not Provided,CAT B,700,3781000,5476333.639,1695333.639
175,9963,10658,14014,955,1133,Not Provided,CAT C,580,4614000,4014332.446,-599667.5541
176,5754,6031,9745,1465,1763,Not Provided,CAT A,680,9957000,6904143.37,-3052856.63
177,10039,8836,15253,1331,1606,Open,CAT C,630,3865000,4651338.065,786338.0649
178,8738,12259,15087,1232,1487,Not Provided,CAT C,860,4980000,4331096.061,-648903.9385
179,5736,11309,14316,1481,1765,No Parking,CAT A,490,6991000,7115233.691,124233.6912
180,4692,5460,7531,1343,1599,Open,CAT B,870,4491000,5037145.673,546145.6731
181,8391,12763,15332,1539,1837,Covered,CAT A,990,7847000,7857498.609,10498.60893
182,9770,11006,16758,1007,1207,No Parking,CAT B,670,4746000,5137735.6,391735.6002
183,7371,9749,13443,1762,2145,Open,CAT C,490,3346000,4856089.189,1510089.189
184,10662,10945,13294,1527,1832,Not Provided,CAT C,580,4409000,4411016.5,2016.499522
185,5654,10609,9842,1356,1619,Covered,CAT C,700,4262000,4449164.194,187164.1939
186,13166,11814,18307,1536,1848,No Parking,CAT B,670,6945000,5679562.124,-1265437.876
187,9255,11812,14629,1605,1902,Not Provided,CAT B,390,7312000,5576873.247,-1735126.753
188,4917,7195,9468,1704,2032,Covered,CAT C,590,4830000,4687685.875,-142314.1246
189,7557,9831,13403,1626,1941,Not Provided,CAT A,1350,5809000,7314756.508,1505756.508
190,6424,13011,11082,1612,1939,Not Provided,CAT A,840,7425000,7126391.858,-298608.1422
191,4933,12836,12107,1174,1396,Covered,CAT B,1100,4093000,5499373.07,1406373.07
192,7713,12150,13475,1923,2339,Open,CAT A,950,7093000,7808917.47,715917.4699
193,9247,8857,14642,1702,2053,Open,CAT A,950,6467000,7716924.518,1249924.518
194,15522,13528,20076,1398,1692,No Parking,CAT A,650,7742000,7531979.446,-210020.5543
195,8691,10901,12693,1437,1717,Open,CAT B,230,3233000,5529944.205,2296944.205
196,10813,12852,16833,1524,1796,Open,CAT C,1060,4108000,4902278.687,794278.6873
198,10296,11300,10885,1660,1985,Covered,CAT C,1180,4286000,4771316.162,485316.1619
199,9834,14431,16375,1302,1569,Open,CAT C,710,6845000,4717697.691,-2127302.309
200,8704,13572,12349,1666,2000,Open,CAT C,480,3973000,4673591.671,700591.6707
201,7863,11266,12375,1391,1649,Open,CAT A,810,8375000,7271403.142,-1103596.858
202,10083,13322,15167,1778,2148,Open,CAT A,1140,6994000,7821036.856,827036.8557
203,11203,12227,16293,1462,1770,Open,CAT A,1070,6771000,7665891.651,894891.651
204,12499,11966,17546,1751,2115,No Parking,CAT B,790,6736000,5791917.229,-944082.7708
205,10890,13235,13935,1652,1982,Covered,CAT C,690,5246000,5015182.79,-230817.2095
206,10502,12011,16938,1841,2215,Covered,CAT A,610,8876000,8232832.433,-643167.5671
208,13120,15147,20263,1496,1791,Not Provided,CAT A,1240,6703000,7770067.986,1067067.986
209,1868,9951,9760,1504,1827,Open,CAT A,840,7823000,7176436.775,-646563.2248
210,8643,12365,13695,1524,1808,Not Provided,CAT B,460,6227000,5440447.613,-786552.3867
211,8121,9372,10995,1148,1371,Open,CAT A,940,4976000,6979336.012,2003336.012
212,11100,10338,14201,1468,1744,No Parking,CAT A,590,7366000,7092304.223,-273695.777
213,6126,8116,14091,1310,1558,Not Provided,CAT A,890,7232000,7121057.601,-110942.3986
214,10187,12921,13539,1321,1579,Covered,CAT B,770,6889000,5733831.827,-1155168.173
215,4053,7724,8975,992,1192,Not Provided,CAT C,900,3418000,3646589.223,228589.2233
216,9932,8958,14087,1540,1857,Open,CAT C,1020,5826000,4720643.424,-1105356.576
217,8385,12977,14868,1807,2149,Not Provided,CAT B,910,3812000,5756814.086,1944814.086
218,9236,12932,14681,1526,1853,Open,CAT C,660,4907000,4765915.444,-141084.5557
219,11195,16650,18762,1406,1677,Open,CAT A,480,6166000,7804385.157,1638385.157
220,11749,11673,16036,1703,2055,No Parking,CAT C,1080,3783000,4618461.356,835461.3563
221,5159,12872,9786,1575,1872,Covered,CAT C,690,5227000,4609232.293,-617767.707
222,11291,8711,14479,1309,1572,Open,CAT C,510,5228000,4566838.993,-661161.007
223,5312,12616,12095,1488,1807,Open,CAT A,1030,7081000,7351618.338,270618.3381
224,12001,16298,15585,1658,1988,Not Provided,CAT B,370,7153000,5709867.838,-1443132.162
225,9024,9404,13234,1863,2245,Open,CAT A,640,7726000,7728344.952,2344.952209
226,6209,10808,11285,1458,1725,Not Provided,CAT A,750,7555000,7003541.657,-551458.3426
227,5770,12932,13163,1604,1909,Open,CAT C,370,3373000,4679999.626,1306999.626
228,6697,8730,11209,1575,1899,Open,CAT B,840,6627000,5528734.136,-1098265.864
229,5899,7614,9374,1525,1829,Covered,CAT A,840,5582000,7372102.726,1790102.726
230,9939,14835,15351,1451,1737,Open,CAT A,890,6843000,7568502.949,725502.9494
231,12336,14878,17719,1390,1687,Open,CAT A,620,7399000,7726828.594,327828.5938
232,10238,9621,12102,1442,1742,Open,CAT A,310,6280000,7309898.731,1029898.731
233,10664,7432,14294,1620,1922,Covered,CAT B,550,3374000,6017810.158,2643810.158
234,13071,15127,17387,1251,1527,Open,CAT C,380,6383000,4771939.144,-1611060.856
235,7826,13333,11983,1318,1606,Covered,CAT C,1200,2441000,4613263.746,2172263.746
236,10539,14728,14223,1647,1962,No Parking,CAT A,800,7002000,7235890.631,233890.6308
237,11355,11024,16005,1829,2175,No Parking,CAT A,870,9224000,7518073.624,-1705926.376
238,8387,11281,14879,1852,2227,Covered,CAT C,1220,6823000,5250642.859,-1572357.141
239,12631,12290,14599,1699,2053,Open,CAT A,1080,8187000,7713458.885,-473541.1153
240,5366,11566,12466,1325,1595,Open,CAT A,540,7386000,7243609.326,-142390.6736
241,6571,10429,11465,1350,1634,Open,CAT B,880,7712000,5376979.026,-2335020.974
242,5485,8488,12234,1347,1628,Covered,CAT A,120,7235000,7471853.191,236853.1914
243,5181,9038,10100,1397,1661,Open,CAT B,1410,4916000,5284529.345,368529.3445
244,8085,11993,13463,1245,1499,Open,CAT B,570,4565000,5450189.93,885189.9297
245,10612,8229,15696,1366,1649,Not Provided,CAT B,940,5278000,5498287.832,220287.8325
246,10625,13922,16123,1378,1658,Not Provided,CAT A,760,9096000,7349880.901,-1746119.099
247,2999,11347,8760,1767,2110,Not Provided,CAT A,1200,6495000,7050486.518,555486.5181
248,10631,8780,15335,1184,1434,Not Provided,CAT C,670,4723000,4316606.357,-406393.6427
249,8323,10395,11206,1257,1505,No Parking,CAT A,950,8325000,6695444.616,-1629555.384
251,5758,10148,13301,1863,2247,Open,CAT C,480,5195000,4910997.548,-284002.4522
252,9707,8985,13875,1881,2244,Open,CAT B,920,6603000,5968032.705,-634967.2949
253,13392,13930,18104,1329,1609,Not Provided,CAT B,1150,6859000,5666342.519,-1192657.481
254,4906,10462,12246,1539,1848,Open,CAT B,750,4714000,5579135.816,865135.8158
255,10006,10003,14751,1557,1861,No Parking,CAT A,370,6994000,7212742.897,218742.8969
256,6583,6438,10118,2007,2397,Open,CAT C,610,6589000,4752038.029,-1836961.971
257,10100,11800,14304,1185,1418,Not Provided,CAT B,1150,8931000,5235827.975,-3695172.025
258,9573,13264,16608,1657,2003,Not Provided,CAT B,1070,5854000,5802075.472,-51924.52841
259,8231,10056,14031,1294,1539,Not Provided,CAT A,790,7813000,7103861.96,-709138.0404
260,10213,13975,15747,1296,1559,No Parking,CAT A,1070,9230000,7096559.692,-2133440.308
261,10437,13268,14922,1733,2097,Open,CAT B,730,5617000,5956790.455,339790.4554
262,6382,6892,13197,1641,1976,Open,CAT B,620,4605000,5739049.253,1134049.253
263,5732,12634,12938,1373,1648,Not Provided,CAT B,530,4339000,5275353.194,936353.1943
264,5402,6653,10474,1550,1845,Covered,CAT A,700,6175000,7471166.781,1296166.781
265,7911,13003,12926,1583,1907,Open,CAT C,680,2183000,4659597.305,2476597.305
266,8784,12817,14448,1428,1719,Not Provided,CAT C,1060,3980000,4430515.705,450515.7049
267,5566,9162,10429,1604,1925,Covered,CAT B,670,5437000,5708257.686,271257.6858
268,8228,13686,13223,1439,1735,Not Provided,CAT A,400,6247000,7166242.149,919242.1486
269,10414,11359,12764,1648,2003,Open,CAT A,910,8293000,7533039.007,-759960.9931
270,12974,13529,18046,1025,1231,No Parking,CAT B,760,6372000,5257155.884,-1114844.116
271,8712,10134,13615,2001,2394,Not Provided,CAT B,540,7918000,5815204.463,-2102795.537
272,4616,9983,10644,1145,1370,Covered,CAT B,350,3821000,5364547.424,1543547.424
273,8370,13716,13115,1174,1426,Open,CAT C,980,2595000,4361930.001,1766930.001
274,11875,9962,14066,913,1106,Open,CAT A,860,5661000,7054459,1393459
275,8895,10317,12353,1199,1433,Not Provided,CAT A,1020,7371000,6899666.571,-471333.4291
276,7653,11521,14161,1875,2254,Open,CAT A,1120,7040000,7808912.239,768912.2393
277,13339,15821,18449,1153,1397,No Parking,CAT C,1020,5044000,4384897.853,-659102.1467
278,4355,6857,6316,1240,1492,Not Provided,CAT B,940,6684000,4640164.569,-2043835.431
279,5577,8399,11778,1381,1660,Open,CAT B,970,5017000,5419119.126,402119.1261
281,11184,12656,14583,1701,2030,Covered,CAT C,830,6014000,5098634.026,-915365.9739
282,12728,12131,16681,1206,1456,Open,CAT C,920,3713000,4668851.381,955851.3805
283,6297,11128,11198,1476,1777,No Parking,CAT C,660,4289000,4047692.819,-241307.1811
284,7531,12145,13548,1189,1439,Not Provided,CAT B,780,2622000,5188558.216,2566558.216
285,9061,8496,14431,1837,2220,No Parking,CAT A,340,5084000,7420488.706,2336488.706
286,4637,8636,11431,1319,1571,No Parking,CAT C,1190,2563000,3932464.66,1369464.66
287,7573,9645,14012,1617,1901,Open,CAT B,490,6077000,5755946.12,-321053.8801
288,6923,7928,12000,1631,1967,Open,CAT B,1090,6960000,5636721.012,-1323278.988
289,7635,10625,12975,1517,1805,Covered,CAT C,1040,4174000,4822668.523,648668.5229
290,8117,13349,16226,1764,2109,Not Provided,CAT C,1210,5013000,4827518.299,-185481.701
291,8726,12035,10170,1572,1869,Open,CAT C,1030,2175000,4412754.63,2237754.63
292,10437,13667,12454,1855,2197,Open,CAT B,1170,8049000,5822931.183,-2226068.817
293,7974,13932,12772,1327,1571,Not Provided,CAT B,730,3402000,5211884.221,1809884.221
294,8705,12027,14258,1270,1515,Open,CAT B,720,6024000,5524672.166,-499327.8341
295,6573,11137,9470,1734,2073,Open,CAT B,500,3946000,5501767.898,1555767.898
296,11017,8028,14703,1533,1848,Covered,CAT B,1070,5644000,6002635.517,358635.5167
297,10517,9839,13059,1390,1646,Open,CAT B,800,4684000,5513255.489,829255.4892
298,5896,14047,13272,1856,2216,Open,CAT B,1020,6482000,5901218.689,-580781.3109
299,8051,10492,11114,1000,1215,Open,CAT A,1070,5252000,6887445.879,1635445.879
300,7097,13252,13997,1313,1586,Covered,CAT C,420,4594000,4762573.952,168573.9521
301,4219,5927,7860,1494,1799,Open,CAT C,510,3897000,4181041.198,284041.198
302,9908,12872,13554,1386,1674,No Parking,CAT B,1210,5861000,5183298.305,-677701.6946
303,8913,7116,12276,1979,2364,Not Provided,CAT C,660,3081000,4675046.119,1594046.119
304,7964,17040,14582,1057,1264,Open,CAT B,360,4773000,5387504.868,614504.8682
305,4019,7091,8720,902,1093,Covered,CAT A,1210,6464000,6840610.365,376610.3653
306,9242,13331,13748,1644,2003,No Parking,CAT C,-110,3275000,4400230.393,1125230.393
307,8801,11775,12950,1347,1622,Open,CAT B,560,4486000,5488858.039,1002858.039
308,10720,13072,14860,1314,1576,Covered,CAT B,360,5566000,5838347.752,272347.7523
309,8556,11931,13511,1513,1803,Not Provided,CAT C,970,5753000,4409640.788,-1343359.212
310,8933,14064,14874,1305,1548,Not Provided,CAT A,480,7520000,7177659.172,-342340.828
311,8100,9239,10996,1180,1436,No Parking,CAT B,690,3733000,4822309.725,1089309.725
312,9354,8578,10360,1142,1352,Not Provided,CAT C,710,3528000,3862298.01,334298.0102
313,10692,13202,16298,1471,1768,Not Provided,CAT A,780,7061000,7435542.389,374542.3893
314,12386,12834,13614,1075,1288,Not Provided,CAT C,630,4972000,4082924.547,-889075.4526
315,8541,13767,13081,1578,1885,Covered,CAT A,220,6885000,7707301.672,822301.6721
316,8450,10286,13820,1585,1916,Covered,CAT C,1110,5074000,4962979.936,-111020.0638
317,9803,14989,14259,1391,1648,Open,CAT A,720,7707000,7422595.726,-284404.274
318,11142,10953,14331,1577,1892,Open,CAT A,560,7473000,7587125.452,114125.4521
319,9851,13410,16916,1092,1314,Open,CAT A,600,7653000,7419466.058,-233533.9416
320,6089,13147,10479,1375,1681,Open,CAT A,440,6890000,7139409.515,249409.5154
321,11240,9781,15232,1523,1813,Covered,CAT A,520,4496000,7833826.524,3337826.524
322,10349,10540,14593,1373,1654,Not Provided,CAT B,410,4149000,5412642.903,1263642.903
323,6237,11896,12512,1550,1871,Covered,CAT A,590,7432000,7652335.2,220335.2001
324,5516,9426,11457,1614,1946,Covered,CAT A,740,7380000,7616095.263,236095.2629
326,8362,9041,13899,1566,1889,Covered,CAT B,610,5640000,5964507.538,324507.5379
327,4603,9103,10753,2019,2396,Covered,CAT A,540,7157000,7852089.451,695089.4511
328,4904,11562,12490,1494,1806,Open,CAT B,1450,4364000,5571479.444,1207479.444
329,9722,13414,13617,1659,2008,No Parking,CAT C,620,3512000,4392924.899,880924.8993
330,8884,6700,11772,1766,2131,Covered,CAT B,340,5867000,5950505.341,83505.34119
331,10457,16441,17743,1293,1554,Covered,CAT A,970,7580000,7867718.798,287718.7983
332,3114,7163,8477,1375,1659,Covered,CAT A,1080,7664000,7189219.652,-474780.3476
333,9132,11092,13571,1236,1484,No Parking,CAT B,560,3189000,5061069.698,1872069.698
334,11416,11521,18432,1332,1586,No Parking,CAT C,630,6167000,4506475.941,-1660524.059
335,7492,12257,11623,1513,1825,Covered,CAT A,980,7595000,7550761.337,-44238.66279
336,9464,10762,13998,1208,1459,Open,CAT C,930,4149000,4454563.531,305563.5306
337,7960,15487,11348,1190,1429,Open,CAT B,470,6617000,5234192.742,-1382807.258
338,4850,12848,11995,1448,1734,Open,CAT C,680,3798000,4472022.403,674022.4035
339,9308,18281,18532,1771,2147,Open,CAT C,430,6271000,5267543.919,-1003456.081
340,5889,12646,10210,1365,1645,Not Provided,CAT A,830,6047000,6864859.245,817859.2454
341,5622,11612,11735,1510,1810,No Parking,CAT C,950,3523000,4112440.089,589440.089
342,6509,11842,12569,1458,1736,Open,CAT B,870,4855000,5532310.159,677310.1593
343,13991,16736,17999,1808,2157,Not Provided,CAT C,730,5681000,5001640.178,-679359.8224
344,8257,11489,12600,1615,1954,Open,CAT B,760,4108000,5676621.932,1568621.932
345,7259,11982,13297,1640,1948,Covered,CAT C,960,5127000,4941644.792,-185355.2082
346,7197,7872,11113,1060,1273,Open,CAT B,860,5750000,5113771.581,-636228.4195
347,9119,11639,14374,1633,1968,Open,CAT C,330,8147000,4815982.198,-3331017.802
348,9375,9562,12062,1222,1473,Not Provided,CAT A,630,4957000,6902233.886,1945233.886
349,12946,11622,15214,1619,1957,Open,CAT B,1280,4558000,5889251.768,1331251.768
350,10948,11622,14879,1624,1973,No Parking,CAT C,1440,4466000,4471869.022,5869.022459
351,5790,14387,9654,1887,2278,Open,CAT A,570,7624000,7461277.967,-162722.0329
352,9107,9300,17103,1320,1583,Not Provided,CAT B,540,4372000,5568752.284,1196752.284
353,11198,10781,16789,1450,1750,Open,CAT C,480,4670000,4868808.552,198808.5519
354,8278,16251,13857,1455,1764,Covered,CAT A,390,8469000,7691131.384,-777868.6161
355,7364,7633,12153,966,1172,Not Provided,CAT A,900,8547000,6713761.706,-1833238.294
356,8692,9271,12352,1922,2290,Open,CAT A,290,8041000,7686532.554,-354467.4457
357,8256,16042,16071,1678,1999,Not Provided,CAT C,740,4665000,4743468.733,78468.73314
358,11986,17552,19014,1638,1952,Not Provided,CAT A,690,8184000,7774137.094,-409862.906
360,4604,5839,7428,1145,1375,Open,CAT A,950,6359000,6694451.706,335451.7057
362,4846,6375,9920,2004,2390,Open,CAT B,930,5013000,5744250.898,731250.8975
363,15321,11916,16620,1954,2378,Covered,CAT C,810,4582000,5489189.19,907189.19
364,7618,7083,10051,1577,1879,Covered,CAT A,760,8671000,7459192.289,-1211807.711
365,9666,10668,16002,1766,2138,Open,CAT B,580,4998000,6070505.58,1072505.58
366,7318,9441,12192,1362,1634,Not Provided,CAT A,770,8294000,7017445.053,-1276554.947
367,8927,10229,13380,1886,2228,Open,CAT C,1530,4035000,4905004.768,870004.7677
368,8197,14389,13108,1291,1546,Open,CAT A,420,9395000,7263476.575,-2131523.425
369,6276,10973,13016,1584,1897,Not Provided,CAT C,1210,4731000,4430894.556,-300105.4438
370,7338,8547,12034,1397,1686,No Parking,CAT B,850,2130000,5068598.429,2938598.429
371,9410,12397,15927,1445,1709,Open,CAT A,1340,6218000,7596711.767,1378711.767
372,7047,9529,14945,1433,1707,Not Provided,CAT B,1160,6146000,5475490.283,-670509.7168
373,7788,10946,14208,1269,1511,Open,CAT C,500,5436000,4505315.741,-930684.2587
374,7373,8907,11449,1798,2134,Covered,CAT A,820,7205000,7737748.196,532748.1961
375,9415,12467,12841,1514,1822,Covered,CAT C,670,4809000,4822927.477,13927.47662
376,6792,11510,14652,1015,1216,No Parking,CAT C,460,2731000,3961130.294,1230130.294
377,604,6231,4922,1495,1799,Open,CAT B,950,5716000,4956974.316,-759025.684
378,12898,12966,15635,1759,2095,Open,CAT C,980,3419000,5000229.915,1581229.915
379,6153,10234,10502,1219,1468,Covered,CAT B,850,3560000,5416853.704,1856853.704
380,7281,8521,13216,1571,1877,Open,CAT B,580,5467000,5676179.13,209179.1302
381,8475,14837,13124,1404,1670,Open,CAT A,620,7673000,7345430.555,-327569.445
383,9913,12642,15044,1124,1369,No Parking,CAT B,650,6354000,5104978.029,-1249021.971
384,6650,6080,10017,1514,1837,Open,CAT B,1130,3669000,5392331.332,1723331.332
385,10027,11992,15660,1207,1476,Open,CAT A,720,8737000,7423621.513,-1313378.487
386,5558,8275,10846,1484,1774,No Parking,CAT A,940,5980000,6841419.807,861419.8074
387,5162,6611,9842,1398,1678,No Parking,CAT B,920,4803000,4886727.56,83727.56038
388,8283,14385,15540,1769,2112,Open,CAT A,660,9665000,7827680.502,-1837319.498
389,6469,10114,11295,1111,1322,Not Provided,CAT A,610,6550000,6742188.183,192188.1825
390,7754,9915,9861,1078,1305,Covered,CAT A,1190,5553000,7070480.721,1517480.721
391,9689,10159,11554,1876,2254,No Parking,CAT C,1340,2165000,4386682.933,2221682.933
392,13015,15026,15586,1909,2306,Not Provided,CAT C,820,3194000,4904089.157,1710089.157
393,5944,7143,12384,1940,2343,Covered,CAT A,1130,8469000,7949064.191,-519935.8093
394,3132,8369,8805,1391,1683,Open,CAT B,890,6839000,5194468.793,-1644531.207
395,7508,10841,11927,1496,1774,Not Provided,CAT A,810,7549000,7087159.836,-461840.1641
396,3772,6427,10119,1412,1699,Open,CAT B,680,3920000,5310780.419,1390780.419
397,12545,14209,16889,1121,1345,No Parking,CAT A,320,8567000,7049389.255,-1517610.745
398,12012,8507,12364,1691,2026,Open,CAT C,700,6053000,4691714.125,-1361285.875
399,11605,12579,16088,1599,1946,Open,CAT B,940,7809000,5952537.066,-1856462.934
401,9154,12441,14070,1208,1467,Not Provided,CAT B,910,5072000,5248843.946,176843.9458
402,9468,11604,13764,1454,1737,Not Provided,CAT C,870,2309000,4387097.308,2078097.308
403,8044,14513,15360,1555,1881,Covered,CAT A,1260,9136000,7888378.167,-1247621.833
404,7317,7638,13712,1554,1852,Open,CAT B,440,4812000,5699891.817,887891.8169
405,6860,12712,12638,1491,1800,Not Provided,CAT A,980,7562000,7161377.194,-400622.8057
406,7270,9499,11654,1415,1697,Open,CAT B,1200,3942000,5433194.435,1491194.435
407,6832,13517,9360,1487,1801,Open,CAT B,890,5113000,5315960.967,202960.9674
408,6830,12550,12612,1339,1589,Not Provided,CAT C,1050,3389000,4197973.656,808973.6555
409,7823,9200,13495,1320,1562,Covered,CAT A,610,8717000,7530550.608,-1186449.392
410,8773,13547,15551,1509,1799,No Parking,CAT A,960,3860000,7236887.578,3376887.578
411,6947,9487,10385,1406,1680,Not Provided,CAT A,860,6098000,6901731.757,803731.7568
412,7083,7275,10474,1264,1502,Open,CAT A,800,7941000,7022563.51,-918436.4902
413,10057,8292,13595,1905,2280,Open,CAT B,1060,8235000,5968884.498,-2266115.502
414,7214,13739,13314,1209,1464,Covered,CAT C,600,3674000,4628163.395,954163.3948
415,7935,7911,10691,1546,1829,Not Provided,CAT B,380,2772000,5211997.761,2439997.761
416,5787,14151,14705,1689,2044,Open,CAT C,1140,3226000,4892099.013,1666099.013
417,9259,8471,12891,1153,1381,No Parking,CAT B,730,5327000,4939260.803,-387739.1968
418,11445,5955,13648,2063,2493,Covered,CAT C,810,5148000,5324467.265,176467.2649
419,6650,8409,12131,1848,2254,Open,CAT B,1000,5997000,5833978.256,-163021.7436
420,6858,12850,12287,1718,2056,Covered,CAT A,1220,8360000,7754547.215,-605452.7854
421,11309,8252,13199,1480,1773,Covered,CAT B,360,6302000,5832629.965,-469370.0354
422,5727,5902,10754,1439,1724,Not Provided,CAT A,900,5092000,6960094.594,1868094.594
423,9328,13093,12841,1576,1896,Not Provided,CAT B,750,5645000,5428864.254,-216135.7463
424,4049,4402,8614,1948,2374,Open,CAT A,930,8954000,7439907.885,-1514092.115
425,5440,12550,11734,1613,1893,Not Provided,CAT C,1180,4603000,4324968.242,-278031.7575
427,12977,12302,16496,896,1059,Open,CAT A,870,7511000,7219733.163,-291266.8366
428,11246,10333,13997,1625,1943,Not Provided,CAT A,680,7452000,7363931.647,-88068.35293
430,6824,6352,8577,1340,1605,Not Provided,CAT B,1000,5340000,4895901.137,-444098.8628
431,4127,8367,9533,1410,1704,Open,CAT B,1130,5976000,5266803.687,-709196.3128
432,6214,14164,14555,1432,1719,Covered,CAT B,990,4954000,5906790.25,952790.2496
433,12322,10530,16409,1891,2280,Covered,CAT C,360,5156000,5408432.477,252432.4773
434,5389,10389,11111,1322,1583,Open,CAT A,720,4951000,7126595.338,2175595.338
435,5900,10980,12617,1378,1670,Covered,CAT C,950,5861000,4705994.951,-1155005.049
436,11537,13214,17191,1462,1732,Not Provided,CAT A,840,6826000,7484096.022,658096.0219
437,12794,17541,20046,1440,1733,No Parking,CAT A,1120,6531000,7556232.869,1025232.869
438,9405,12156,15118,1421,1724,Covered,CAT A,920,5209000,7766742.312,2557742.312
439,5508,7881,10157,1280,1530,Open,CAT C,1240,4386000,4191180.705,-194819.2954
440,13275,9872,15303,1431,1710,Covered,CAT A,840,7417000,7772545.32,355545.3203
442,7807,9674,12678,1161,1404,Covered,CAT C,430,5838000,4537873.076,-1300126.924
443,8634,11628,12786,1175,1405,Open,CAT A,810,9120000,7145801.345,-1974198.655
444,11031,12462,13010,1395,1662,Open,CAT A,920,9094000,7331038.439,-1762961.561
445,6266,13767,12066,1443,1755,Not Provided,CAT C,880,4933000,4261954.439,-671045.5609
446,5359,8372,11239,1247,1523,Open,CAT C,1350,5350000,4273832.076,-1076167.924
447,9569,10441,12905,1788,2133,Open,CAT B,1000,5459000,5817646.776,358646.7759
448,6465,10915,10058,1138,1375,Not Provided,CAT B,1220,5745000,4865644.472,-879355.5279
449,10068,10816,13429,1709,2042,Open,CAT C,430,3324000,4787957.315,1463957.315
450,5499,10606,10603,1777,2145,Covered,CAT A,520,8079000,7676719.589,-402280.4108
451,8395,12601,13089,1612,1918,Covered,CAT B,580,6100000,5918089.746,-181910.2539
452,9204,10843,14663,1618,1943,Open,CAT B,460,4762000,5835736.026,1073736.026
453,6885,7314,10673,1311,1571,No Parking,CAT B,470,7209000,4884097.335,-2324902.665
455,6669,11500,11948,1249,1503,Open,CAT A,950,6197000,7142012.721,945012.7208
456,4846,9003,10135,1373,1635,No Parking,CAT A,840,6104000,6693693.724,589693.7237
457,8850,10060,11765,1536,1836,Not Provided,CAT B,990,5206000,5303111.639,97111.63939
458,12862,12087,17686,1744,2101,No Parking,CAT A,520,6957000,7605417.256,648417.2562
459,13925,14473,17746,1513,1820,Open,CAT B,520,6602000,6004199.963,-597800.0366
460,11082,12407,14913,1297,1561,Not Provided,CAT B,1070,4000000,5377935.332,1377935.332
461,3971,7129,5913,1908,2304,Open,CAT A,990,7950000,7176681.368,-773318.6324
462,7136,8734,9830,1721,2076,No Parking,CAT A,710,7630000,6955991.089,-674008.9106
463,6736,13652,12823,1243,1491,Open,CAT A,430,6903000,7204728.096,301728.0957
464,10701,15780,15366,1472,1766,Open,CAT B,1290,5714000,5777253.118,63253.11753
465,9089,14320,13391,1307,1570,Not Provided,CAT B,1080,4171000,5261122.704,1090122.704
466,7753,8307,13508,1628,1959,Not Provided,CAT C,890,7148000,4510880.072,-2637119.928
467,10162,10094,12564,1556,1869,Covered,CAT C,1000,3301000,4831176.775,1530176.775
468,9393,11121,12596,1179,1428,Open,CAT A,1290,7457000,7145450.034,-311549.9657
469,10272,8355,13586,1768,2123,Not Provided,CAT B,860,4959000,5636576.339,677576.3386
470,7265,12325,12060,1378,1656,Open,CAT A,1010,7317000,7250569,-66430.99995
471,7457,12005,13976,1685,2015,Open,CAT A,1160,7922000,7638527.749,-283472.2508
472,6475,8198,9766,1474,1759,Open,CAT A,880,7588000,7132685.013,-455314.9872
473,8032,7922,9846,1794,2137,No Parking,CAT B,670,6761000,5185638.484,-1575361.516
474,10709,10849,17155,1086,1291,Covered,CAT A,930,6909000,7649241.596,740241.5965
475,4783,11103,9602,1808,2154,Open,CAT C,990,3522000,4552374.142,1030374.142
476,5381,5177,8992,1501,1790,Not Provided,CAT B,450,5394000,5049694.673,-344305.3269
477,5258,9505,8580,1353,1598,No Parking,CAT B,690,5666000,4732973.673,-933026.3274
478,8799,10559,14496,1455,1757,No Parking,CAT A,650,6752000,7124536.836,372536.8365
479,10063,10671,14466,1165,1411,Not Provided,CAT C,1020,3862000,4231606.37,369606.3699
481,11238,14329,15943,1332,1610,Open,CAT C,880,3889000,4709551.471,820551.4714
482,6284,11514,11302,1396,1668,Covered,CAT A,760,7927000,7422758.389,-504241.6113
483,6855,11349,11719,1513,1821,Open,CAT C,690,4288000,4506373.086,218373.0857
484,9914,11558,16360,1618,1940,Covered,CAT C,630,4424000,5183306.572,759306.5716
485,7971,8165,12202,1845,2233,No Parking,CAT B,370,4319000,5437972.85,1118972.85
487,5845,5999,10472,1172,1411,No Parking,CAT A,460,7455000,6575138.207,-879861.7926
489,9881,12215,14248,1436,1737,Covered,CAT B,770,5709000,5893756.593,184756.593
490,7132,9530,11594,1738,2065,No Parking,CAT B,750,5648000,5279683.096,-368316.9039
491,6063,8269,10928,2229,2667,Covered,CAT A,660,8741000,8042484.61,-698515.3899
492,11487,12958,17196,1490,1783,Open,CAT A,730,8137000,7747126.71,-389873.2902
493,11888,15672,16427,1060,1279,Open,CAT A,670,9736000,7357286.363,-2378713.637
494,3553,6062,7649,2015,2436,Covered,CAT B,680,7796000,5816616.015,-1979383.985
495,9590,10173,13574,1611,1919,Covered,CAT A,960,7124000,7769153.232,645153.2323
496,11139,14537,17452,1187,1417,Open,CAT C,1230,5894000,4705620.727,-1188379.273
497,12787,12142,15454,1430,1690,Open,CAT A,800,7895000,7546229.925,-348770.075
498,8193,12666,14844,1543,1840,Covered,CAT C,450,3638000,4996070.874,1358070.874
499,10452,10978,16079,1836,2195,Not Provided,CAT C,940,4516000,4871615.362,355615.3619
500,9337,9865,11171,1463,1764,Covered,CAT B,1060,6905000,5663326.342,-1241673.658
501,7531,15408,14394,1213,1462,Covered,CAT B,560,5683000,5726630.712,43630.71209
502,8558,13467,15079,1244,1480,Open,CAT A,860,9353000,7379397.242,-1973602.758
504,7905,10054,15182,1745,2108,Covered,CAT B,730,4692000,6210376.182,1518376.182
505,5044,9458,12063,933,1121,Open,CAT A,940,5599000,6902782.753,1303782.753
506,8346,11640,12725,1764,2132,Covered,CAT C,920,4084000,5015239.431,931239.4306
507,5464,7752,11406,1675,2002,Open,CAT B,1050,6499000,5611615.102,-887384.8983
508,7678,14228,14778,1688,2046,Open,CAT B,380,5355000,5912008.109,557008.1087
509,7205,9682,13179,1842,2204,No Parking,CAT C,930,5132000,4485125.655,-646874.3446
510,8344,8916,11192,1316,1597,Not Provided,CAT C,980,3656000,4088731.313,432731.3126
511,6049,11589,10343,1440,1719,Covered,CAT B,580,6605000,5567319.362,-1037680.638
512,10814,14071,17512,1760,2111,No Parking,CAT C,680,5240000,4773850.343,-466149.6573
513,6390,10143,9685,1323,1571,Open,CAT C,850,2797000,4179810.64,1382810.64
514,2992,5718,5446,1230,1466,Open,CAT C,730,6710000,3769859.09,-2940140.91
515,9363,13333,14529,1540,1838,Open,CAT C,570,4371000,4743907.038,372907.0376
516,8865,8515,12294,1167,1388,No Parking,CAT B,620,3860000,4895698.553,1035698.553
517,7127,8762,10749,1429,1695,Covered,CAT B,890,5389000,5584428.917,195428.9172
518,10670,10435,16607,1491,1770,Not Provided,CAT C,800,5261000,4637699.248,-623300.7523
519,9172,14024,12540,1313,1574,Open,CAT B,920,4313000,5424588.681,1111588.681
520,9800,9133,13657,1609,1943,Open,CAT B,920,4030000,5754656.322,1724656.322
521,7998,12742,13303,1109,1342,Not Provided,CAT B,760,4975000,5105711.755,130711.7547
522,4068,7624,6764,1207,1440,No Parking,CAT B,500,4384000,4483828.994,99828.99433
523,10531,11054,15189,902,1087,Not Provided,CAT A,680,5682000,6903157.374,1221157.374
524,8588,13937,8728,1191,1422,Open,CAT C,770,3635000,4005752.712,370752.7122
525,9074,7556,12666,1335,1601,Open,CAT B,460,5082000,5452307.825,370307.8251
526,7073,14107,14781,1382,1660,No Parking,CAT A,1070,8372000,7084406.323,-1287593.677
527,2756,5325,6808,1588,1906,Not Provided,CAT B,450,4697000,4949133.016,252133.0158
528,6756,5976,9051,1918,2284,No Parking,CAT B,310,7802000,5217190.958,-2584809.042
529,7360,8950,13140,1484,1774,Not Provided,CAT B,880,4508000,5373599.093,865599.0932
530,6934,14287,12528,1334,1607,No Parking,CAT C,370,5516000,4044297.32,-1471702.68
531,6569,13470,12541,1556,1846,No Parking,CAT A,760,7202000,7024867.661,-177132.3393
532,6979,10242,10270,1784,2142,Covered,CAT B,950,6401000,5836605.675,-564394.3251
533,5584,10514,11003,1244,1477,No Parking,CAT B,890,2784000,4849545.206,2065545.206
534,6750,11495,13016,1496,1787,Open,CAT C,800,5807000,4588788.593,-1218211.407
535,10320,11719,14343,1719,2058,Covered,CAT B,700,5176000,6110230.046,934230.0464
536,8590,11229,12737,1678,2022,Open,CAT B,1050,6605000,5731898.941,-873101.0593
537,5991,12588,12015,1247,1490,Open,CAT B,330,6575000,5327632.06,-1247367.94
538,7056,10860,12856,1191,1421,Covered,CAT B,980,6582000,5576002.561,-1005997.439
539,7765,7313,10302,1832,2208,Covered,CAT B,1090,4676000,5882119.051,1206119.051
540,7894,11648,10009,1271,1523,Not Provided,CAT A,1140,5094000,6769296.021,1675296.021
541,11999,12241,14575,1735,2084,Open,CAT A,820,5644000,7731690.688,2087690.688
542,8063,11923,12361,1627,1948,No Parking,CAT C,890,3261000,4252664.982,991664.9821
543,6493,14696,14315,1351,1616,Covered,CAT B,650,6277000,5820443.651,-456556.3493
544,7669,10444,12941,1520,1817,Open,CAT A,850,6360000,7426307.859,1066307.859
545,4116,11266,11661,1490,1788,Covered,CAT C,360,4584000,4705706.377,121706.3771
547,9089,9503,13179,1777,2117,Not Provided,CAT B,780,3828000,5599870.597,1771870.597
548,7996,6753,9959,1688,2037,Covered,CAT B,590,5096000,5743235.712,647235.7117
549,9916,12241,15485,1537,1836,No Parking,CAT C,670,3948000,4431589.078,483589.0776
550,10340,14340,17721,1622,1968,Covered,CAT C,340,6961000,5311212.452,-1649787.548
551,6514,11008,11301,1148,1384,Open,CAT B,730,4780000,5201131.338,421131.3383
553,8230,10705,11862,1001,1194,Covered,CAT C,1210,4489000,4335497.501,-153502.4988
554,16850,15553,22407,1857,2236,No Parking,CAT A,1280,6742000,8073731.731,1331731.731
555,11014,10848,14405,1552,1869,Open,CAT A,710,7887000,7578127.613,-308872.3874
556,8917,9699,11425,1700,2064,Not Provided,CAT A,940,7031000,7235351.291,204351.291
557,9927,11760,12555,1554,1844,Not Provided,CAT C,670,3853000,4359262.198,506262.1979
558,9059,11486,11984,1482,1777,Open,CAT A,800,7757000,7323156.577,-433843.4228
559,14005,9744,17121,1275,1517,Covered,CAT B,790,5992000,5982194.934,-9805.066222
560,6427,13284,13775,1642,1981,Open,CAT C,720,5445000,4776161.874,-668838.1262
561,6440,10689,13561,1381,1633,Not Provided,CAT C,1270,5025000,4303082.247,-721917.7534
562,3167,9659,8682,1381,1634,Open,CAT B,930,3079000,5152680.005,2073680.005
563,5579,11928,11294,1057,1262,Open,CAT C,1490,3542000,4108479.223,566479.2235
564,5876,13703,7564,1192,1445,Covered,CAT B,810,4347000,5165100.329,818100.3292
565,11812,13363,17040,1601,1920,No Parking,CAT C,600,6100000,4611559.709,-1488440.291
566,10881,13649,15717,1622,1968,Not Provided,CAT A,210,6478000,7518819.978,1040819.978
568,2314,8933,8231,1607,1909,Open,CAT C,460,3903000,4282499.527,379499.5273
569,9559,9796,13278,2214,2647,Open,CAT B,740,6590000,6182076.253,-407923.7467
570,4113,12277,10937,1633,1936,Open,CAT B,1320,4605000,5530881.218,925881.2184
571,8836,10580,14360,1546,1845,No Parking,CAT B,760,5907000,5359497.651,-547502.3487
572,9281,8825,11191,1475,1753,Not Provided,CAT B,920,4467000,5202856.328,735856.3279
573,10724,14028,16129,1270,1519,Not Provided,CAT A,920,5839000,7259942.24,1420942.24
574,9109,10436,11963,1185,1420,Open,CAT A,880,8037000,7089228.528,-947771.4717
575,9684,11953,15162,1614,1938,Open,CAT B,1110,5323000,5872700.895,549700.8947
576,8363,11994,12873,1141,1353,Open,CAT A,1370,7200000,7118986.185,-81013.81548
577,9021,11522,13615,1244,1481,Open,CAT A,410,8404000,7262055.031,-1141944.969
578,7175,5750,12044,869,1050,Not Provided,CAT B,850,5254000,4814289.48,-439710.5195
579,11897,12621,15693,2049,2465,Not Provided,CAT B,720,6351000,6028870.113,-322129.8867
580,5266,6740,8531,1883,2262,No Parking,CAT B,570,4224000,5160969.538,936969.5382
581,9547,11233,13642,1526,1842,Open,CAT C,690,3958000,4675020.352,717020.3516
582,5277,9221,9414,1165,1390,No Parking,CAT B,1220,5461000,4664882.747,-796117.2535
583,10453,11981,14868,1832,2185,Open,CAT A,840,8733000,7821007.842,-911992.1577
584,6736,14813,14125,1723,2072,Covered,CAT A,560,8841000,7913091.211,-927908.7887
585,1648,4950,6583,932,1138,Open,CAT B,820,8976000,4660850.966,-4315149.034
587,11335,12652,15503,1231,1472,Open,CAT B,810,7029000,5597041.997,-1431958.003
588,11826,16146,16532,1237,1512,Covered,CAT A,1070,8821000,7742795.061,-1078204.939
589,10961,17111,15477,1371,1650,Covered,CAT A,540,8716000,7747537.865,-968462.1352
590,7570,8829,12505,1767,2158,Open,CAT B,530,4154000,5801671.317,1647671.317
591,5738,8270,10242,1748,2092,Open,CAT B,580,4917000,5576347.982,659347.9821
592,6237,10793,12774,1212,1440,Open,CAT B,500,6395000,5356278.536,-1038721.464
593,8081,9852,14028,1466,1743,Covered,CAT A,1200,7081000,7691252.408,610252.4081
594,6344,9442,14746,1152,1386,Open,CAT B,980,4959000,5480086.036,521086.0355
595,11139,11743,15206,1439,1703,Open,CAT B,1000,6729000,5723374.997,-1005625.003
597,7284,11172,13742,2026,2400,Not Provided,CAT C,720,5124000,4816618.75,-307381.2501
598,6270,11440,9163,1772,2146,Open,CAT B,1030,4854000,5524512.824,670512.8243
599,2017,8473,9077,1511,1822,Open,CAT B,420,7241000,5306813.177,-1934186.823
600,5908,10764,11187,1199,1461,Not Provided,CAT B,1070,5437000,5012582.193,-424417.8068
601,8655,10639,14020,1834,2184,Covered,CAT A,830,9446000,7977486.824,-1468513.176
602,13070,16770,19497,1143,1375,No Parking,CAT A,940,8516000,7279099.546,-1236900.454
603,7348,6714,10920,1494,1794,Covered,CAT C,550,5213000,4649887.765,-563112.2349
604,12951,12503,15166,1770,2131,Not Provided,CAT B,1140,5465000,5769122.377,304122.377
605,5212,9235,9335,1455,1747,Open,CAT A,750,6932000,7090141.846,158141.8457
606,6177,6009,9642,1141,1372,Not Provided,CAT B,620,5148000,4830164.924,-317835.0758
607,9374,13102,13706,1586,1886,Covered,CAT C,660,5006000,4934276.387,-71723.61312
608,6967,12104,11007,1701,2034,No Parking,CAT A,660,6218000,7023530.904,805530.9039
609,10314,12431,12349,1860,2246,Open,CAT A,410,7978000,7657667.899,-320332.1006
610,3543,7722,8175,1167,1406,Open,CAT C,440,4286000,3950774.739,-335225.2612
611,3685,6787,8033,1424,1716,Open,CAT B,630,5441000,5153715.733,-287284.2671
612,12580,14692,17517,1710,2053,Open,CAT B,730,6939000,6137314.539,-801685.4613
613,8176,12223,14233,1408,1708,Not Provided,CAT B,220,4281000,5418756.36,1137756.36
614,9015,9628,12697,1517,1831,No Parking,CAT C,610,3084000,4203634.477,1119634.477
615,7002,8425,11450,1227,1476,Not Provided,CAT B,720,5626000,5043536.77,-582463.23
616,8272,8092,12626,1609,1930,Open,CAT B,740,7647000,5663104.959,-1983895.041
617,9726,11935,15318,1553,1831,No Parking,CAT C,740,3568000,4414876.926,846876.9259
618,5572,13280,11351,1814,2174,Open,CAT A,770,9007000,7530395.547,-1476604.453
619,10440,11464,15648,1240,1493,Open,CAT B,590,3312000,5622389.349,2310389.349
620,5189,9059,10863,1206,1437,No Parking,CAT A,1330,5406000,6623564.805,1217564.805
621,9935,15807,18595,1847,2186,Not Provided,CAT B,910,7512000,6081265.08,-1430734.92
622,7300,12541,13715,1009,1202,No Parking,CAT C,330,4160000,3876504.448,-283495.5525
623,4619,10768,11787,1624,1946,Covered,CAT C,870,2027000,4818643.601,2791643.601
624,10773,12323,16823,1612,1931,Open,CAT B,790,6006000,6002017.424,-3982.576007
625,11124,8732,14790,1498,1805,Open,CAT A,1270,8227000,7567523.861,-659476.1388
626,10489,12274,13086,946,1125,No Parking,CAT B,590,2917000,4788444.007,1871444.007
627,8270,14406,15231,1563,1872,No Parking,CAT A,1080,6842000,7258584.755,416584.7546
628,5985,12402,11559,1664,2016,Open,CAT B,830,5913000,5633053.585,-279946.4152
629,4955,12586,14979,1619,1947,Covered,CAT A,910,7433000,7900605.342,467605.3422
630,9188,13997,14768,1433,1722,Open,CAT A,830,7708000,7511757.612,-196242.3881
631,11801,11283,14728,1241,1489,Not Provided,CAT A,1380,7625000,7127511.476,-497488.5245
632,9006,13952,14368,1429,1720,Open,CAT A,1180,5954000,7478218.122,1524218.122
633,9667,12214,14277,1241,1488,Not Provided,CAT A,770,5469000,7090512.103,1621512.103
634,3605,11017,12447,1078,1306,Not Provided,CAT A,680,8436000,6824626.606,-1611373.394
635,8846,11995,12883,1690,2065,Not Provided,CAT B,910,5142000,5542187.119,400187.1191
636,6976,13119,13556,1289,1536,No Parking,CAT A,540,6512000,6905011.625,393011.625
637,8050,11347,13218,1581,1894,No Parking,CAT C,760,4938000,4286607.8,-651392.2004
638,5760,8577,9947,1608,1945,Not Provided,CAT B,760,3783000,5227494.527,1444494.527
639,11209,10016,14328,1344,1608,Open,CAT C,730,3598000,4578087.687,980087.6867
640,7739,13750,14696,1513,1804,Not Provided,CAT A,430,6919000,7329846.103,410846.1026
641,5761,7680,10875,1529,1839,Open,CAT B,1000,5059000,5462783.848,403783.8483
642,3702,7220,12065,1677,2014,Open,CAT A,660,6080000,7483858.031,1403858.031
643,7570,11481,13873,1015,1229,Not Provided,CAT C,930,3118000,4065418.282,947418.2825
644,7804,14219,12142,1438,1751,Open,CAT A,760,7779000,7318977.253,-460022.7467
645,8283,11709,15284,1426,1718,No Parking,CAT C,370,4757000,4338627.932,-418372.0677
646,8451,11465,12406,1412,1701,Not Provided,CAT A,630,6913000,7078277.443,165277.4432
647,6666,10531,12005,1622,1944,Covered,CAT A,360,7597000,7658960.901,61960.90118
648,12337,13653,15193,1503,1791,Open,CAT C,630,6835000,4766848.44,-2068151.56
649,7188,12268,12783,1501,1789,Open,CAT C,670,4168000,4571310.735,403310.7347
650,10632,14276,13109,1971,2342,Covered,CAT B,690,8656000,6195522.018,-2460477.982
651,11310,12783,15627,1383,1687,Open,CAT A,830,8139000,7558221.496,-580778.5041
652,6745,5772,9747,1371,1635,Covered,CAT A,720,5073000,7275964.261,2202964.261
653,8645,10897,15845,1508,1823,No Parking,CAT A,520,7129000,7276195.312,147195.3117
654,6714,7862,10067,1057,1284,Open,CAT A,750,7011000,6847947.593,-163052.4069
655,8351,11696,13422,1411,1680,Covered,CAT A,1070,6159000,7601428.414,1442428.414
656,7673,12311,13146,1466,1746,Covered,CAT C,590,6937000,4798069.799,-2138930.201
657,9792,10755,15681,1545,1888,Covered,CAT B,600,6711000,6107479.317,-603520.6833
658,11255,9174,16617,2044,2408,Not Provided,CAT B,380,8202000,6066261.312,-2135738.688
659,8148,12093,13164,1887,2264,Not Provided,CAT C,830,6205000,4681563.51,-1523436.49
660,8168,15365,15215,1505,1836,Open,CAT C,940,6173000,4797894.941,-1375105.059
661,9545,9831,12811,1422,1722,Open,CAT C,560,5866000,4529982.607,-1336017.393
662,7550,11193,13279,1564,1869,Covered,CAT B,1030,5337000,5901527.545,564527.5453
663,8707,14403,13703,1510,1810,No Parking,CAT C,730,3970000,4271053.267,301053.2671
664,5632,9765,9859,1568,1920,Not Provided,CAT C,890,5375000,4191414.536,-1183585.464
665,4778,9811,11385,1933,2338,Not Provided,CAT B,1140,4473000,5599045.997,1126045.997
666,5222,8952,11776,1501,1822,No Parking,CAT B,590,4935000,5136275.306,201275.3059
667,10014,11682,13425,1593,1911,Open,CAT B,580,4334000,5715141.39,1381141.39
668,14637,15127,14763,1812,2189,No Parking,CAT A,310,7809000,7427080.51,-381919.4904
669,7903,7881,11860,1580,1895,Open,CAT B,720,5495000,5578600.136,83600.13627
670,12359,13926,15304,1440,1749,Not Provided,CAT A,490,7553000,7343069.965,-209930.0352
671,9751,10544,12888,1100,1331,No Parking,CAT B,1010,5733000,4906493.03,-826506.9698
672,5947,8114,11272,1534,1841,Covered,CAT A,680,8793000,7532880.412,-1260119.588
673,10809,12539,15552,1299,1555,Not Provided,CAT B,1020,5685000,5425533.139,-259466.8609
674,12389,12020,17056,1767,2121,No Parking,CAT A,1050,7843000,7567652.09,-275347.91
675,5598,12246,10900,1368,1649,Not Provided,CAT B,740,6366000,5111748.807,-1254251.193
676,5539,13503,11421,1393,1670,Covered,CAT A,410,6296000,7433650.367,1137650.367
677,10370,11615,14419,1327,1590,Open,CAT A,770,8187000,7397760.964,-789239.0358
678,8128,14461,15753,1514,1794,Covered,CAT B,1400,5482000,6052133.387,570133.3868
680,9823,13861,14579,1334,1584,Not Provided,CAT B,840,5720000,5365978.179,-354021.8215
681,5351,6435,12231,1533,1817,Covered,CAT A,950,8436000,7594559.625,-841440.3751
682,6685,10345,8646,1809,2145,Not Provided,CAT B,940,3653000,5252742.904,1599742.904
683,9329,11050,12306,1607,1933,Not Provided,CAT A,930,8126000,7221138.399,-904861.6008
684,13823,16489,17178,1165,1387,Not Provided,CAT A,1060,8235000,7258618.978,-976381.0217
685,7431,11293,10991,1193,1430,Covered,CAT A,560,8083000,7242869.306,-840130.6937
686,8759,12879,13776,1709,2065,No Parking,CAT C,670,3061000,4442819.306,1381819.306
687,9420,13980,13290,1525,1839,No Parking,CAT B,540,5131000,5269356.677,138356.6771
688,7846,7486,12195,1348,1623,No Parking,CAT A,1010,7294000,6851915.509,-442084.4908
690,5038,14034,11450,1132,1366,Covered,CAT B,1340,5245000,5426905.823,181905.8234
691,5059,7402,10629,1667,2020,Not Provided,CAT A,980,6607000,7142573.907,535573.9073
692,8012,5276,11844,1427,1720,No Parking,CAT B,630,4319000,5075402.834,756402.8339
693,4079,8940,9831,1211,1447,Open,CAT B,1110,4073000,5123637.772,1050637.772
694,8406,12039,13144,1717,2048,Not Provided,CAT A,700,7853000,7363487.718,-489512.2816
695,7408,9188,12475,1766,2111,No Parking,CAT A,580,9469000,7191936.035,-2277063.965
696,7468,16525,15383,1086,1299,No Parking,CAT B,1050,4440000,5086763.737,646763.7371
697,10985,13935,16737,1410,1692,Open,CAT A,790,7380000,7650935.795,270935.7954
698,5481,13129,12275,1476,1760,Not Provided,CAT B,600,3739000,5294776.168,1555776.168
699,6750,10899,11479,1068,1278,Open,CAT A,440,6412000,6957846.206,545846.2064
700,5874,10389,8292,1485,1785,Not Provided,CAT A,1340,6616000,6801348.631,185348.6305
701,5627,13099,10068,1461,1739,Covered,CAT C,1250,2231000,4545441.282,2314441.282
702,3844,9029,8292,1685,2010,Open,CAT C,990,6238000,4353118.38,-1884881.62
703,9209,10610,13222,1624,1958,Open,CAT A,290,6385000,7540678.647,1155678.647
704,7290,8691,10953,1658,2000,Not Provided,CAT C,350,3621000,4331628.274,710628.2743
705,8729,9922,11314,1427,1677,Not Provided,CAT B,210,5459000,5163330.155,-295669.8451
706,8861,10181,15112,1755,2072,No Parking,CAT B,810,6961000,5567773.909,-1393226.091
707,6497,12467,12711,1211,1472,Open,CAT B,790,6539000,5372017.61,-1166982.39
708,4697,6004,10759,1591,1896,Open,CAT A,780,7813000,7301838.165,-511161.8351
709,8503,6922,10746,1797,2126,Open,CAT B,730,5571000,5639086.1,68086.09968
710,12135,10244,15410,1519,1823,Open,CAT A,1040,6921000,7629202.814,708202.8145
711,8510,10041,13369,1637,1958,Open,CAT A,760,5994000,7552526.278,1558526.278
712,9597,10662,11556,1451,1750,Not Provided,CAT A,570,7255000,7041646.2,-213353.7998
713,9175,11210,14991,1203,1446,Open,CAT B,620,4426000,5538863.268,1112863.268
714,5640,8331,12309,1884,2262,Open,CAT A,310,5691000,7664852.369,1973852.369
715,11607,14783,16502,1540,1820,Not Provided,CAT B,310,8239000,5674487.178,-2564512.822
716,7384,9611,9463,1121,1332,Not Provided,CAT A,790,5459000,6601041.275,1142041.275
717,10847,12430,15104,1307,1562,No Parking,CAT A,490,6999000,7046687.942,47687.94171
718,4984,9442,11597,1475,1775,Covered,CAT B,230,7274000,5704816.008,-1569183.992
719,5171,10686,12522,1160,1401,Open,CAT B,900,3536000,5310598.044,1774598.044
720,11232,10818,16408,1078,1276,Not Provided,CAT A,640,9437000,7124352.275,-2312647.725
721,4229,7736,11164,1191,1436,Open,CAT B,840,4352000,5223916.693,871916.6929
722,10940,8714,12405,1317,1569,Covered,CAT C,780,3600000,4623206.083,1023206.083
723,8499,7295,13189,1548,1858,Not Provided,CAT A,480,9948000,7243515.803,-2704484.197
724,9644,10754,13529,1560,1883,Open,CAT A,1040,8322000,7516632.681,-805367.319
725,6419,13341,9727,1297,1529,Covered,CAT B,870,5294000,5394073.406,100073.4063
726,10989,13153,13797,1645,1958,Covered,CAT B,530,9336000,6001172.592,-3334827.408
727,13247,11126,16434,1225,1455,Open,CAT B,750,7359000,5661018.157,-1697981.843
728,11487,12079,14156,1421,1704,Not Provided,CAT B,840,5384000,5409948.38,25948.37985
729,7015,10387,11876,1655,1956,Open,CAT B,800,4735000,5619571.376,884571.3756
730,8862,9304,14033,1615,1928,Covered,CAT A,660,6508000,7812001.532,1304001.532
731,7798,10244,11170,1872,2262,Open,CAT C,560,6205000,4749004.996,-1455995.004
732,10300,11870,15364,1317,1581,Not Provided,CAT C,910,3002000,4414570.04,1412570.04
733,4101,13623,11261,1434,1729,No Parking,CAT B,480,4951000,5034269.969,83269.96905
734,10947,14084,16646,1791,2167,Open,CAT A,700,6432000,7952598.402,1520598.402
735,8701,8969,12290,932,1120,Covered,CAT B,660,3559000,5334578.726,1775578.726
736,5922,10858,11683,1609,1924,Covered,CAT C,1170,6305000,4795950.17,-1509049.83
737,6868,11800,12496,1495,1793,Open,CAT B,1020,6530000,5563506.264,-966493.7355
738,11041,11886,15799,1769,2153,Not Provided,CAT A,580,6956000,7645775.004,689775.0035
739,5913,7138,9401,1693,2032,Open,CAT C,610,4191000,4456810.918,265810.9182
740,10073,10474,13497,1247,1497,Open,CAT B,590,2833000,5451629.159,2618629.159
741,7091,9344,11297,1502,1815,No Parking,CAT C,190,5598000,4080391.584,-1517608.416
742,11849,9005,14370,1360,1612,Open,CAT B,490,6108000,5596799.342,-511200.6577
743,12973,15178,18836,1542,1844,Open,CAT B,680,5138000,6107662.215,969662.2146
744,7574,11711,15247,1631,1947,Open,CAT A,670,8441000,7696730.088,-744269.9123
745,9085,12731,14181,1246,1482,Open,CAT B,1070,6068000,5496999.114,-571000.8858
746,4301,11537,10992,1990,2384,Open,CAT B,1110,6469000,5826746.828,-642253.1724
747,4203,7115,8579,967,1154,Open,CAT B,560,4578000,4832129.151,254129.151
748,6753,14224,12767,1582,1894,Not Provided,CAT C,1100,4180000,4408874.561,228874.5615
749,7254,11059,14195,1430,1743,Open,CAT B,970,5323000,5667913.1,344913.0998
751,9173,11072,14919,1827,2160,No Parking,CAT B,930,3616000,5609464.589,1993464.589
752,6915,11441,13186,1118,1338,Open,CAT B,1040,4045000,5323131.132,1278131.132
753,9971,10233,16692,1766,2109,Open,CAT B,1120,5791000,6107251.837,316251.8366
754,9399,9367,15170,1799,2173,Not Provided,CAT C,910,3628000,4784042.049,1156042.049
755,10130,12675,16231,1167,1411,Not Provided,CAT C,440,3919000,4373858.534,454858.5342
756,8627,12260,14990,1493,1795,Not Provided,CAT B,530,6238000,5536362.842,-701637.1581
757,10496,13162,14686,1445,1734,Open,CAT B,900,2147000,5701631.121,3554631.121
758,9258,9702,15077,1033,1237,Open,CAT C,740,3461000,4397111.38,936111.38
759,6728,9506,13849,1440,1711,Covered,CAT A,1020,8812000,7656009.071,-1155990.929
760,5262,9483,11328,1487,1773,Open,CAT B,970,5919000,5456359.594,-462640.4058
761,7730,7539,12454,1854,2205,No Parking,CAT C,890,3629000,4427343.983,798343.9829
762,1241,6690,6422,1748,2086,Not Provided,CAT B,550,5376000,5035116.455,-340883.5445
763,6093,7010,9201,1937,2310,Open,CAT A,520,6630000,7445584.552,815584.5516
764,8274,11673,13345,1641,1999,Covered,CAT B,950,9300000,5991414.45,-3308585.55
765,10247,11917,14754,1659,1999,Covered,CAT A,650,6566000,7916298.238,1350298.238
766,4244,9371,7845,1743,2061,Open,CAT B,860,8193000,5362992.955,-2830007.045
767,5097,4574,9365,1449,1733,Covered,CAT C,320,6006000,4484879.086,-1521120.914
768,4917,7983,8409,1098,1309,No Parking,CAT A,860,5953000,6342515.389,389515.3886
769,6365,12640,13601,1121,1351,Open,CAT C,900,4638000,4352310.741,-285689.2587
770,5951,9976,9312,1526,1858,Open,CAT A,550,7620000,7160495.821,-459504.1793
771,8074,11854,13745,1358,1645,Not Provided,CAT C,770,5686000,4325718.17,-1360281.83
772,8985,14620,15158,1336,1616,Open,CAT B,710,8662000,5662911.169,-2999088.831
773,5217,9329,10885,1502,1802,No Parking,CAT B,840,4973000,5051453.763,78453.76282
774,8541,12045,14243,1534,1858,Open,CAT A,860,8837000,7557915.323,-1279084.677
775,7067,10289,15577,1418,1699,No Parking,CAT B,870,4916000,5362607.263,446607.2628
776,5947,12991,10227,854,1018,Not Provided,CAT A,660,7774000,6458353.532,-1315646.468
777,7374,11516,14480,1450,1728,Not Provided,CAT C,930,3856000,4438949.458,582949.4582
778,9404,11783,13882,1474,1776,No Parking,CAT A,1020,5199000,7087410.689,1888410.689
779,11446,12213,16569,1524,1819,Open,CAT C,1190,3997000,4895963.263,898963.2627
780,7805,9491,13544,1361,1638,Open,CAT B,1140,4604000,5547140.453,943140.4533
781,7684,7671,13192,1398,1683,Open,CAT B,490,4950000,5548044.003,598044.0027
782,7646,11556,12778,1085,1308,Open,CAT B,1170,7667000,5270732.321,-2396267.679
783,8618,10717,12286,1660,1979,Covered,CAT C,480,7580000,4880328.218,-2699671.782
784,8104,10396,15870,1648,2017,No Parking,CAT A,930,8172000,7404411.035,-767588.9648
785,11243,10747,15220,1453,1749,Covered,CAT B,890,5844000,5979902.265,135902.2649
786,11436,11270,15073,1323,1591,Not Provided,CAT A,680,8572000,7221670.148,-1350329.852
787,12794,11457,16229,1385,1643,No Parking,CAT C,740,7094000,4366002.295,-2727997.705
788,12095,9405,14191,1250,1506,Covered,CAT B,990,6242000,5738892.565,-503107.4352
789,9585,14223,15252,1389,1683,No Parking,CAT B,680,5688000,5326005.206,-361994.7936
791,7376,12607,11282,1655,1993,Not Provided,CAT A,440,8689000,7177639.147,-1511360.853
792,14470,14517,18178,1645,1963,Open,CAT C,900,4730000,5119317.267,389317.2669
793,10178,7223,14855,1464,1771,No Parking,CAT C,1080,3127000,4338529.738,1211529.738
794,10532,12849,17962,1197,1428,Not Provided,CAT B,830,6541000,5537153.804,-1003846.196
796,7089,11023,13672,1878,2264,Not Provided,CAT A,310,5420000,7546554.727,2126554.727
797,6944,12427,12710,1150,1378,Not Provided,CAT A,730,6739000,6892660.805,153660.8052
798,4937,9926,12712,1562,1881,Open,CAT B,740,5453000,5638160.761,185160.7609
799,9240,9365,13101,1596,1939,Not Provided,CAT A,960,7976000,7289115.438,-686884.5616
800,8055,7191,12428,1119,1345,Not Provided,CAT A,790,7806000,6848465.547,-957534.4525
801,8872,12192,14561,1116,1347,Open,CAT A,700,7408000,7251129.329,-156870.6711
802,8284,13014,14525,1934,2349,Open,CAT C,750,5299000,5076000.216,-222999.784
803,6710,11558,12516,1299,1540,No Parking,CAT A,590,7058000,6823793.732,-234206.2685
804,11033,9554,16471,1417,1689,No Parking,CAT C,570,3431000,4415430.464,984430.4641
805,8603,11358,12631,1235,1503,Covered,CAT A,660,7416000,7422534.892,6534.892304
806,8975,12811,15983,1497,1815,Not Provided,CAT B,700,5919000,5629405.19,-289594.8101
807,5076,12426,13916,1430,1704,Not Provided,CAT C,1070,4337000,4377880.77,40880.76992
808,8016,11723,14084,1537,1877,Open,CAT C,660,1767000,4733412.029,2966412.029
809,10888,12334,13248,1444,1742,Covered,CAT B,840,5671000,5816413.064,145413.0644
810,11162,17227,15805,1477,1798,No Parking,CAT C,850,5982000,4432660.09,-1549339.91
811,8221,10396,12215,1041,1246,Open,CAT C,600,3619000,4172299.941,553299.9415
813,3228,9427,8678,1226,1472,No Parking,CAT A,710,6044000,6470230.457,426230.4566
814,6477,12491,12168,1489,1783,Open,CAT A,450,7530000,7341889.383,-188110.6173
815,5736,8874,9142,1549,1871,Covered,CAT B,740,7408000,5569402.407,-1838597.593
816,7404,8906,8603,1073,1280,Open,CAT C,1240,6044000,3903304.4,-2140695.6
817,3003,7425,8635,1473,1785,Open,CAT A,570,8072000,7058444.305,-1013555.695
818,8912,8622,12611,2013,2396,Open,CAT C,580,4706000,4952313.654,246313.6543
819,4035,5870,10523,1975,2368,Covered,CAT A,450,8683000,7815337.79,-867662.2095
820,8995,10230,13308,1561,1877,Covered,CAT A,790,5679000,7720392.835,2041392.835
821,5424,6768,10459,1427,1723,Not Provided,CAT A,1040,6709000,6935668.217,226668.217
822,7223,14785,15856,1441,1747,Not Provided,CAT C,670,4437000,4562209.603,125209.6033
823,8130,11848,13787,1275,1548,Open,CAT A,370,8297000,7319502.385,-977497.6153
824,9054,10247,13668,1574,1876,Not Provided,CAT A,620,5623000,7293830.702,1670830.702
825,8606,14626,14267,1511,1791,No Parking,CAT B,1010,5376000,5316874.148,-59125.85195
826,10896,12078,13838,1428,1713,No Parking,CAT C,550,5539000,4218833.334,-1320166.666
827,8085,14677,14071,1388,1672,Open,CAT A,800,7350000,7423056.127,73056.12673
828,8574,13442,14039,1057,1280,Covered,CAT C,610,4105000,4566899.963,461899.9635
829,7921,9155,13610,1440,1747,Covered,CAT B,1090,6732000,5848841.461,-883158.5392
830,7929,13867,14846,1349,1610,Open,CAT B,700,6589000,5633862.059,-955137.9406
831,12772,16247,17250,1536,1808,Open,CAT C,830,5638000,4943693.509,-694306.4914
832,11719,11627,16141,2019,2420,Not Provided,CAT B,850,8567000,6035703.792,-2531296.208
833,7256,6832,11747,1236,1508,Covered,CAT B,1260,7083000,5543216.67,-1539783.33
834,8441,10093,13715,1436,1715,Open,CAT B,1030,4818000,5611012.407,793012.4074
835,8607,8125,10064,1862,2248,Not Provided,CAT B,1160,5191000,5434031.741,243031.7406
836,8598,5134,9461,1200,1442,Not Provided,CAT C,880,4432000,3848388.864,-583611.1358
837,8952,10380,13594,1360,1650,No Parking,CAT A,420,5894000,6982233.523,1088233.523
838,10180,11465,14967,1722,2078,Open,CAT A,770,7361000,7759381.252,398381.2518
839,7613,12937,12438,1577,1902,No Parking,CAT C,910,5406000,4228946.978,-1177053.022
840,8681,13158,15062,1850,2214,Covered,CAT A,1110,8500000,8080983.579,-419016.4213
841,3286,10258,10623,1447,1730,Covered,CAT C,510,4903000,4584317.455,-318682.545
842,6233,11562,9659,1496,1800,Not Provided,CAT A,780,6330000,6921281.332,591281.3317
843,11977,9765,13321,1679,2008,Open,CAT A,790,8430000,7581183.648,-848816.3519
844,8826,7816,15012,994,1194,Open,CAT A,1090,8139000,7187948.669,-951051.3307
845,10410,13110,16559,1354,1635,Covered,CAT A,1270,9590000,7824985.079,-1765014.921
847,9418,9913,14103,1597,1918,Open,CAT A,1260,7183000,7585663.047,402663.0472
848,8740,10899,13447,1873,2252,Covered,CAT C,330,7931000,5151492.197,-2779507.803
849,9847,12288,15977,1218,1459,Open,CAT A,540,8789000,7438111.65,-1350888.35
850,8339,9392,10785,1458,1746,Not Provided,CAT C,720,4861000,4152856.123,-708143.8769
851,9721,10530,14692,1546,1860,Covered,CAT A,670,7316000,7820879.041,504879.0405
852,6988,11932,12292,1608,1962,Open,CAT B,770,3628000,5657002.483,2029002.483
853,4494,9538,10227,1822,2160,Open,CAT B,860,4972000,5619374.379,647374.3793
854,8216,11665,12694,1716,2038,Not Provided,CAT B,410,4440000,5509390.419,1069390.419
855,146,1666,3227,1072,1296,Open,CAT C,900,4759000,3480427.936,-1278572.064
856,10550,15272,16738,1330,1604,Open,CAT C,480,5146000,4769722.274,-376277.7257
857,4894,7778,11048,1588,1892,Open,CAT C,540,5775000,4498479.983,-1276520.017
858,9154,10416,16288,1425,1733,Open,CAT B,760,6600000,5830095.597,-769904.4031
859,7756,9038,10210,1778,2133,Open,CAT B,280,4595000,5600440.213,1005440.213
860,10662,12056,16089,1363,1630,Open,CAT C,1120,5390000,4734328.9,-655671.1002
861,4385,7297,9569,1609,1928,Not Provided,CAT C,160,3792000,4173245.817,381245.8166
862,3284,7836,9240,1671,2024,Not Provided,CAT B,620,6310000,5221904.121,-1088095.879
863,10593,10246,15143,1379,1636,No Parking,CAT C,440,3677000,4273921.264,596921.2636
864,12181,15244,16983,1218,1452,Covered,CAT C,870,4391000,4916064.349,525064.3488
865,5663,11526,9346,1724,2101,Open,CAT B,900,6639000,5509988.529,-1129011.471
866,3800,8105,9028,986,1179,Not Provided,CAT B,710,5916000,4655128.601,-1260871.399
867,6486,4644,9312,1330,1606,Covered,CAT C,590,3851000,4397991.49,546991.4905
868,7216,12943,12133,1437,1725,Open,CAT B,910,4622000,5490014.531,868014.5312
869,7873,11161,13081,1327,1609,Open,CAT C,1320,4150000,4478234.836,328234.8359
871,4966,8278,11349,1651,2009,Open,CAT B,1000,5816000,5611574.76,-204425.2397
872,8062,9702,13106,1211,1462,Not Provided,CAT B,670,3853000,5167896.681,1314896.681
873,5000,12943,14131,1916,2277,Covered,CAT B,610,5588000,6235607.48,647607.4801
874,9858,11997,16321,1638,1937,Open,CAT A,1050,7094000,7776785.131,682785.1312
875,9855,11962,15007,1172,1413,Open,CAT B,480,5394000,5518685.656,124685.6564
876,9997,12349,13043,1350,1606,Covered,CAT A,770,4303000,7522744.025,3219744.025
877,11090,10120,14193,1528,1843,Covered,CAT C,340,5982000,4945554.354,-1036445.646
878,5925,9388,9735,1305,1557,Covered,CAT B,580,5550000,5412932.727,-137067.2733
879,10071,12531,16707,1463,1751,Not Provided,CAT B,900,4999000,5646123.526,647123.5256
880,9755,13857,15011,1409,1727,No Parking,CAT B,700,4298000,5335204.406,1037204.406
881,7234,11952,14681,1419,1743,Not Provided,CAT A,860,6597000,7288955.459,691955.4595
882,6916,7956,11608,1535,1819,No Parking,CAT A,540,5929000,6932107.442,1003107.442
883,8487,13020,15515,1474,1745,Not Provided,CAT A,970,6302000,7357473.669,1055473.669
884,13354,13720,14403,919,1099,Open,CAT B,1560,7381000,5265742.412,-2115257.588
885,7315,14823,12817,2067,2492,Not Provided,CAT C,790,7023000,4801915.144,-2221084.856
886,11751,12708,15442,1977,2362,No Parking,CAT B,1020,5995000,5783021.342,-211978.6581
887,6189,12084,11926,1293,1558,Open,CAT A,790,7810000,7176018.189,-633981.8109
888,8572,9942,14479,1477,1790,Open,CAT C,880,1637000,4708652.286,3071652.286
889,11103,12451,17711,1582,1906,Covered,CAT A,550,9264000,8094122.654,-1169877.346
890,11581,11561,15935,1481,1789,Not Provided,CAT B,550,6354000,5608623.064,-745376.9362
891,10396,14997,15491,1214,1455,Covered,CAT A,950,8722000,7621814.871,-1100185.129
892,7647,7118,8842,1206,1460,No Parking,CAT B,810,4199000,4664318.14,465318.1403
893,9866,10124,14776,1653,1982,Covered,CAT A,390,7941000,7907012.518,-33987.48231
894,10191,9752,14157,1152,1393,Not Provided,CAT B,860,5438000,5207717.352,-230282.6484
895,8320,11644,12967,1458,1757,Not Provided,CAT A,850,5860000,7159920.973,1299920.973
896,6096,8908,12009,1249,1510,Open,CAT B,660,4895000,5340158.878,445158.8776
897,6630,10006,10402,1939,2333,Not Provided,CAT B,830,4067000,5516567.405,1449567.405
898,6208,10158,11935,1591,1919,Not Provided,CAT B,640,5234000,5370806.115,136806.1155
899,5243,7079,8592,1180,1397,Open,CAT C,750,3914000,3978528.647,64528.64657
900,10208,12161,16663,1846,2195,Open,CAT C,1170,4109000,5148134.703,1039134.703
901,8475,8742,12781,780,951,Covered,CAT C,790,2560000,4251489.057,1691489.057
903,11304,17958,19046,1648,1959,No Parking,CAT A,370,7708000,7622654.193,-85345.8073
905,12834,11668,17029,1439,1732,Open,CAT A,1170,8058000,7700490.652,-357509.3478
906,6171,5639,10068,1487,1776,Not Provided,CAT C,800,4623000,4114584.291,-508415.7093
907,10172,12781,14850,1800,2158,Open,CAT A,1100,9826000,7801993.08,-2024006.92
908,7821,14264,15354,1690,2024,Not Provided,CAT A,1070,7593000,7525992.687,-67007.31336
909,11264,12005,13876,1209,1452,Open,CAT C,830,5205000,4440177.165,-764822.8348
910,7124,11688,12853,1859,2222,Covered,CAT A,1210,8700000,7908150.892,-791849.1085
911,4775,6455,7672,1691,2023,No Parking,CAT B,540,6027000,4936263.259,-1090736.741
912,8650,11399,11434,1259,1493,Open,CAT A,100,8827000,7094081.115,-1732918.885
913,7550,12641,14060,1771,2138,Not Provided,CAT B,820,5782000,5684536.698,-97463.30175
914,8979,10075,13734,1205,1468,Open,CAT B,1210,6121000,5451865.37,-669134.6303
915,9652,9102,12608,1792,2131,No Parking,CAT A,810,7642000,7215665.714,-426334.2864
917,8929,12396,12930,1263,1516,Covered,CAT A,780,7098000,7455089.89,357089.8903
918,9866,11461,15834,1344,1605,No Parking,CAT A,1160,7674000,7133495.461,-540504.5387
919,10022,12911,16307,1819,2187,Not Provided,CAT B,590,4792000,5897511.661,1105511.661
920,6741,11479,11152,1357,1625,Open,CAT A,1140,5216000,7157221.606,1941221.606
921,10840,11137,15466,1396,1673,Open,CAT C,690,3274000,4712089.859,1438089.859
922,9205,10418,14496,1118,1337,Open,CAT A,560,7227000,7239385.384,12385.38372
923,9538,11551,12839,1655,1986,Covered,CAT B,1150,7743000,5942176.053,-1800823.947
924,11786,13969,15519,1156,1398,Open,CAT A,140,9237000,7361516.923,-1875483.077
925,9615,7904,12521,1451,1734,Open,CAT C,670,3488000,4514415.966,1026415.966
926,7176,5779,12382,1539,1829,Open,CAT B,650,4658000,5577737.015,919737.0149
927,10915,17486,15964,1549,1851,Not Provided,CAT C,1220,7062000,4638568.033,-2423431.967
928,12176,8518,15673,1582,1910,Covered,CAT C,1080,6639000,5108421.442,-1530578.558
929,7214,8717,10553,1387,1663,Open,CAT A,850,8208000,7133664.274,-1074335.726
930,7423,11708,13220,1200,1436,Open,CAT A,1060,7644000,7200946.175,-443053.8249
931,15082,14700,19617,1299,1560,Open,CAT B,770,9661000,5985860.197,-3675139.803
932,9297,12537,14418,1174,1429,Covered,CAT C,1110,5434000,4694373.33,-739626.6701
